system,leader_kill,delay_120ms,loss_8pct,partition,majority_crash,majority_partition
consul,1548.2889659132761,67.5105917831454,8.93117442453888,530.2704293411748,1782.7272347014718,1715.2890591444302
