system,leader_kill,delay_120ms,loss_8pct,partition,majority_crash,majority_partition
etcd,72.97133332738593,24.946818985647766,22.569264541175215,51.23513529215164,770.5684012087866,45.228702754287184
