system,leader_kill,delay_120ms,loss_8pct,partition,majority_crash,majority_partition
zookeeper,4.910801711313544,8.240377621965397,16.74046978304179,48.90196193190049,2.324146846800101,11086.64675797536
