{
  "baseline_mean_throughput_ops_per_sec": 10.414431369052764,
  "fault_mean_throughput_ops_per_sec": 10.109902910457182,
  "throughput_degradation_ratio": 0.029241006811040172,
  "baseline_mean_p99_ms": 131.02958877327862,
  "fault_mean_p99_ms": 155.24399761996844,
  "baseline_mean_failure_rate": 0.0,
  "fault_mean_failure_rate": 0.0,
  "sensitivity_score": 51.23513529215164
}