{
  "baseline_mean_throughput_ops_per_sec": 175.77434725815695,
  "fault_mean_throughput_ops_per_sec": 5.906388517927318,
  "throughput_degradation_ratio": 0.9663978924680476,
  "baseline_mean_p99_ms": 17.018105736527396,
  "fault_mean_p99_ms": 20.01964118001675,
  "baseline_mean_failure_rate": 0.0,
  "fault_mean_failure_rate": 0.5066666666666667,
  "sensitivity_score": 2.324146846800101
}