{
  "baseline_mean_throughput_ops_per_sec": 17.170010186548268,
  "fault_mean_throughput_ops_per_sec": 8.54950885122002,
  "throughput_degradation_ratio": 0.5020673396036727,
  "baseline_mean_p99_ms": 112.75791651645845,
  "fault_mean_p99_ms": 133.55422551333515,
  "baseline_mean_failure_rate": 0.0,
  "fault_mean_failure_rate": 0.027777777777777776,
  "sensitivity_score": 1715.2890591444302
}