{
  "baseline_mean_throughput_ops_per_sec": 17.170010186548268,
  "fault_mean_throughput_ops_per_sec": 7.3833383101124825,
  "throughput_degradation_ratio": 0.5699863756693103,
  "baseline_mean_p99_ms": 112.75791651645845,
  "fault_mean_p99_ms": 143.02443162016073,
  "baseline_mean_failure_rate": 0.0,
  "fault_mean_failure_rate": 0.5488888888888889,
  "sensitivity_score": 1548.2889659132761
}